posted_at,post_url,text,likes,replies,reposts,quotes,engagement,engagement_rate,word_count,char_count,hashtag_count,mention_count,url_count,post_type,perf_group
"2026-09-29T11:51:00.000Z","https://www.threads.com/@demo_account/post/Ckj6wts3433","What is the one AI tools habit you cannot live without? Tell me below 👇","127","34","4","2","167","1.132","14","71","0","0","0","plain","high"
"2026-09-28T14:02:00.000Z","https://www.threads.com/@demo_account/post/Ct8yi2twv19","I finally tried a new startups routine and honestly it was great. I feel so much better 😊","61","5","3","1","70","0.475","17","89","0","0","0","plain","mid"
"2026-09-28T11:44:00.000Z","https://www.threads.com/@demo_account/post/Cjzpuhggk10","Be honest, how many hours a week do you spend on budgeting?","75","16","2","1","94","0.637","12","59","0","0","0","plain","high"
"2026-09-25T13:40:00.000Z","https://www.threads.com/@demo_account/post/C1e341bg528","Read more about budgeting here https://example.com/p/1028 and follow for updates.","23","1","1","0","25","0.169","9","81","0","0","1","link","low"
"2026-09-24T04:00:00.000Z","https://www.threads.com/@demo_account/post/Cpgygyg603","Check out my AI tools guide https://example.com/guide/1003 (link in bio too)","31","2","2","0","35","0.237","10","76","0","0","1","link","low"
"2026-09-20T11:04:00.000Z","https://www.threads.com/@demo_account/post/Cyrdw9mg535","Read more about budgeting here https://example.com/p/1035 and follow for updates.","45","4","3","1","53","0.359","9","81","0","0","1","link","mid"
"2026-09-20T00:23:00.000Z","https://www.threads.com/@demo_account/post/Cydnz435e38","Worst coffee advice I have ever heard: just push through it. That is a terrible plan.","66","3","5","0","74","0.502","16","85","0","0","0","plain","mid"
"2026-09-16T12:03:00.000Z","https://www.threads.com/@demo_account/post/Cv9vqnump24","My budgeting journey so far: I failed a lot, I learned a lot, and I am proud of how far I have come ❤️","74","7","4","1","86","0.583","23","102","0","0","0","plain","mid"
"2026-09-15T11:12:00.000Z","https://www.threads.com/@demo_account/post/C667h197622","Honest question: is sleep overrated or do I just need a better routine? What do you think?","116","15","6","2","139","0.942","17","90","0","0","0","plain","high"
"2026-09-13T05:21:00.000Z","https://www.threads.com/@demo_account/post/Cdht1lbz025","Remote work update. #tips #mondaymood #creator #remotework","44","2","2","0","48","0.325","7","58","4","0","0","hashtag","low"
"2026-09-11T10:24:00.000Z","https://www.threads.com/@demo_account/post/Cwvie9s2727","Be honest, how many hours a week do you spend on budgeting?","68","14","3","1","86","0.583","12","59","0","0","0","plain","mid"
"2026-09-09T12:18:00.000Z","https://www.threads.com/@demo_account/post/Ce8ate7am15","Long thread-style thought on fitness: most people overcomplicate it. They collect tools, read ten guides, and never actually start. What worked for me was picking one tiny action, doing it daily, and ignoring everything else for a month. The results were slow at first but they compounded, and after a quarter I barely recognised my own process.","88","7","3","1","99","0.671","57","345","0","0","0","plain","high"
"2026-09-07T04:05:00.000Z","https://www.threads.com/@demo_account/post/Cnqxff23713","Check out my travel guide https://example.com/guide/1013 (link in bio too)","44","4","3","1","52","0.353","9","74","0","0","1","link","low"
"2026-09-05T13:40:00.000Z","https://www.threads.com/@demo_account/post/Cqhntlxmn2","AI tools update. #life #motivation #grind #AItools","59","6","3","1","69","0.468","7","50","4","0","0","hashtag","mid"
"2026-09-05T05:59:00.000Z","https://www.threads.com/@demo_account/post/Cgc65g54u31","Ugh, budgeting is so annoying today. Everything is broken and I am tired.","33","2","2","0","37","0.251","13","73","0","0","0","plain","low"
"2026-09-04T05:26:00.000Z","https://www.threads.com/@demo_account/post/C5d8gbpxv0","New blog post on remote work: https://example.com/blog/1000","36","3","3","0","42","0.285","6","59","0","0","1","link","low"
"2026-09-02T04:12:00.000Z","https://www.threads.com/@demo_account/post/Cudmhdggb18","Monday. Remote work. Go.","41","2","2","0","45","0.305","4","24","0","0","0","plain","low"
"2026-09-01T11:08:00.000Z","https://www.threads.com/@demo_account/post/Ckxqx5x3c4","Long thread-style thought on design: most people overcomplicate it. They collect tools, read ten guides, and never actually start. What worked for me was picking one tiny action, doing it daily, and ignoring everything else for a month. The results were slow at first but they compounded, and after a quarter I barely recognised my own process.","51","2","1","0","54","0.366","57","344","0","0","0","plain","mid"
"2026-08-31T15:30:00.000Z","https://www.threads.com/@demo_account/post/Cxrpvg3d640","I tracked my travel for 30 days and saved 4 hours a week. Here is the simple system I used, step by step.","52","3","3","1","59","0.4","23","105","0","0","0","plain","mid"
"2026-08-30T00:43:00.000Z","https://www.threads.com/@demo_account/post/Cw8na2ft429","Quiet day. Design time.","44","3","2","0","49","0.332","4","23","0","0","0","plain","low"
"2026-08-22T13:32:00.000Z","https://www.threads.com/@demo_account/post/Cz1fsuykx16","Thanks @lena_design for the great chat about productivity today. Learned so much!","100","6","5","1","112","0.759","12","81","0","1","0","mention","high"
"2026-08-21T00:31:00.000Z","https://www.threads.com/@demo_account/post/C1pkwi04i12","Sleep update. #tips #motivation #creator #sleep","50","3","4","1","58","0.393","6","47","4","0","0","hashtag","mid"
"2026-08-19T13:21:00.000Z","https://www.threads.com/@demo_account/post/Cxtxmz6fc1","I tracked my design for 30 days and saved 4 hours a week. Here is the simple system I used, step by step.","102","4","7","2","115","0.78","23","105","0","0","0","plain","high"
"2026-08-18T00:51:00.000Z","https://www.threads.com/@demo_account/post/C8atetkxf23","Side projects > everything.","53","3","3","0","59","0.4","3","27","0","0","0","plain","mid"
"2026-08-16T12:16:00.000Z","https://www.threads.com/@demo_account/post/Cxf0cz46w30","5 quick fitness tips that took me 10 years to learn: keep it simple, ship early, rest more, ask for help, repeat.","130","8","6","1","145","0.983","22","113","0","0","0","plain","high"
"2026-08-14T11:05:00.000Z","https://www.threads.com/@demo_account/post/C1h07kf5k34","Ugh, sleep is so annoying today. Everything is broken and I am tired.","34","3","2","0","39","0.264","13","69","0","0","0","plain","low"
"2026-08-13T10:51:00.000Z","https://www.threads.com/@demo_account/post/Cvc32mh4d9","Today I realised my side projects setup is actually perfect for me. I love it when things just work.","41","4","3","0","48","0.325","19","100","0","0","0","plain","low"
"2026-08-12T00:03:00.000Z","https://www.threads.com/@demo_account/post/Cfwwj93is36","My learning to code journey so far: I failed a lot, I learned a lot, and I am proud of how far I have come ❤️","51","3","3","1","58","0.393","25","109","0","0","0","plain","mid"
"2026-08-11T13:38:00.000Z","https://www.threads.com/@demo_account/post/Cjr84faqu32","3 budgeting lessons from this year: 1) start smaller 2) track one number 3) review every Sunday.","79","8","5","1","93","0.631","17","96","0","0","0","plain","mid"
"2026-08-10T14:50:00.000Z","https://www.threads.com/@demo_account/post/Cblfuimkm21","Read more about learning to code here https://example.com/p/1021 and follow for updates.","30","2","1","0","33","0.224","11","88","0","0","1","link","low"
"2026-08-07T11:59:00.000Z","https://www.threads.com/@demo_account/post/C7pndztx237","Long thread-style thought on startups: most people overcomplicate it. They collect tools, read ten guides, and never actually start. What worked for me was picking one tiny action, doing it daily, and ignoring everything else for a month. The results were slow at first but they compounded, and after a quarter I barely recognised my own process.","34","3","2","0","39","0.264","57","346","0","0","0","plain","low"
"2026-08-07T10:12:00.000Z","https://www.threads.com/@demo_account/post/Cv0xqb08o41","What is the one AI tools habit you cannot live without? Tell me below 👇","91","23","5","1","120","0.814","14","71","0","0","0","plain","high"
"2026-08-06T11:17:00.000Z","https://www.threads.com/@demo_account/post/Cnv1v26w614","Be honest, how many hours a week do you spend on learning to code?","160","41","6","2","209","1.417","14","66","0","0","0","plain","high"
"2026-08-05T07:00:00.000Z","https://www.threads.com/@demo_account/post/Cor1isd7c11","My sleep journey so far: I failed a lot, I learned a lot, and I am proud of how far I have come ❤️","89","6","6","1","102","0.692","23","98","0","0","0","plain","high"
"2026-08-04T11:56:00.000Z","https://www.threads.com/@demo_account/post/Czdbf3wyt39","3 note taking lessons from this year: 1) start smaller 2) track one number 3) review every Sunday.","76","6","4","1","87","0.59","18","98","0","0","0","plain","mid"
"2026-08-01T04:47:00.000Z","https://www.threads.com/@demo_account/post/Cb8cma09o17","Books update. #mondaymood #tips #mondaymood #books","58","4","3","1","66","0.447","6","50","4","0","0","hashtag","mid"
"2026-07-29T12:14:00.000Z","https://www.threads.com/@demo_account/post/Ca4ojznjh6","3 fitness lessons from this year: 1) start smaller 2) track one number 3) review every Sunday.","112","6","6","1","125","0.847","17","94","0","0","0","plain","high"
"2026-07-29T07:25:00.000Z","https://www.threads.com/@demo_account/post/Cbu2gbfc85","Side projects update. #hustle #tips #motivation #sideprojects","59","2","1","0","62","0.42","7","61","4","0","0","hashtag","mid"
"2026-07-29T00:14:00.000Z","https://www.threads.com/@demo_account/post/C8j4zfruo20","","87","8","4","1","100","0.678","0","0","0","0","0","plain","high"
"2026-07-24T12:26:00.000Z","https://www.threads.com/@demo_account/post/Chd9hy3j77","Long thread-style thought on note taking: most people overcomplicate it. They collect tools, read ten guides, and never actually start. What worked for me was picking one tiny action, doing it daily, and ignoring everything else for a month. The results were slow at first but they compounded, and after a quarter I barely recognised my own process.","43","2","3","0","48","0.325","58","349","0","0","0","plain","low"
"2026-07-24T04:34:00.000Z","https://www.threads.com/@demo_account/post/Ce7xgpmxa8","5 quick note taking tips that took me 10 years to learn: keep it simple, ship early, rest more, ask for help, repeat.","91","8","5","1","105","0.712","23","117","0","0","0","plain","high"